"","Lon","Lat","y"
"1",0.0382162481546402,0.0535120638087392,0.241907519045918
"2",0.990299843251705,0.960147655336186,-0.978215303442592
"3",0.61236689449288,0.624579298309982,0.372621676500955
"4",0.0148310400545597,0.572068731067702,0.632605223486146
"5",0.0474538330454379,0.265432047657669,0.0983841333050802
"6",0.352953907568008,0.165247389581054,-1.50118904996302
"7",0.602703992044553,0.185142692411318,0.493456011478012
"8",0.265301564941183,0.879626491805539,0.098830079813335
"9",0.324673084076494,0.767438407288864,0.3683785286435
"10",0.634108691709116,0.780591800808907,0.381555064692098
"11",0.715065353550017,0.484066691249609,-0.921316847066692
"12",0.524351747706532,0.95926740532741,0.0494280422240578
"13",0.150619805324823,0.129239994566888,-0.129349662648478
"14",0.0109194002579898,0.514655735343695,1.02116658820607
"15",0.0288853161036968,0.0599697751458734,0.0989752156454291
"16",0.058745389804244,0.705358976498246,-0.20768458028089
"17",0.854979379102588,0.515003087697551,-0.390750856583815
"18",0.651944817043841,0.204525323817506,1.00612012339877
"19",0.206016388954595,0.00891801458783448,-0.854033662588165
"20",0.809240721631795,0.954413843341172,0.345488714517046
"21",0.986814657226205,0.654916394501925,-1.0119350240185
"22",0.978766223182902,0.39946078765206,-0.739301448182925
"23",0.653237618971616,0.025949478847906,-1.72892586280538
"24",0.506903600413352,0.742379745468497,-0.844958944963923
"25",0.940418236423284,0.926696929847822,-0.409386033085297
"26",0.316069821128622,0.302574707195163,-0.190080451185188
"27",0.0314769761171192,0.592454824363813,-0.00419392014360828
"28",0.134785331785679,0.499781245132908,0.490251112515614
"29",0.477847326546907,0.64811238925904,0.332166507632809
"30",0.493202697718516,0.971418524393812,-0.248742564490358
"31",0.520139389205724,0.763814872829244,0.0943081190544386
"32",0.918618750292808,0.225385942030698,0.043919589459608
"33",0.568743792595342,0.635241341544315,-0.190657540009125
"34",0.384289416950196,0.586218670476228,0.233014613595893
"35",0.829047193750739,0.0101534966379404,-0.845495561326299
"36",0.168432191712782,0.396204852964729,-0.319931104842694
"37",0.615974597400054,0.614470111439005,0.289195392288616
"38",0.108641223050654,0.596677816007286,-0.104741746041303
"39",0.516973877791315,0.84223724482581,-0.671101014008392
"40",0.269832505146042,0.766805784543976,-0.0976800613108292
"41",0.928861801978201,0.240575167350471,0.657823115970592
"42",0.116827205056325,0.873911427566782,0.765663611440138
"43",0.257307362509891,0.11717069381848,-0.359214692833152
"44",0.108845908893272,0.608368336223066,-0.752628497691236
"45",0.271045599132776,0.00792870041914284,-0.755075620819411
"46",0.544614017242566,0.349101488478482,0.0182841731503914
"47",0.58998102019541,0.0925709116272628,-1.03909924987882
"48",0.453596088802442,0.862347627058625,-0.5358648183475
"49",0.418187437579036,0.528852563118562,-0.494513827314621
"50",0.232653866522014,0.983331808121875,1.48400555814194
"51",0.316360959550366,0.820755488472059,0.243008669708906
"52",0.946638700552285,0.181057042442262,1.42585900505274
"53",0.0289403300266713,0.452493669930845,1.08065227491052
"54",0.977932360721752,0.431443693116307,-0.788929014254069
"55",0.519668481312692,0.864845715230331,-0.397514378851484
"56",0.970189603278413,0.0364350231830031,1.40424749444199
"57",0.690226654754952,0.309268075274304,-0.676010321300561
"58",0.000501994742080569,0.770543404622003,0.341135231245871
"59",0.975108738290146,0.696111446712166,-0.963674460019724
"60",0.0219052822794765,0.682675886200741,0.171582111133616
"61",0.108908837661147,0.940789507003501,1.25526088347129
"62",0.972832799190655,0.9670602849219,-0.41563857475731
"63",0.0033237892203033,0.764152371091768,-0.781551621659429
"64",0.363542800303549,0.35187820577994,-0.578068913745192
"65",0.376789495814592,0.633462425554171,-0.972841368883059
"66",0.910613872809336,0.446281345793977,-0.183514475418047
"67",0.625491828424856,0.970198791241273,0.345735394609608
"68",0.572711582994089,0.989137258147821,0.933089662234545
"69",0.288117323303595,0.852133998414502,0.244534196719734
"70",0.45058528194204,0.201408369466662,-0.880981692515085
"71",0.641717610880733,0.0168523997999728,-1.26193127542617
"72",0.948265265440568,0.114618747029454,0.40684893403881
"73",0.0284020523540676,0.853826227132231,0.58901942480944
"74",0.381949238013476,0.423007308039814,-0.970034784256966
"75",0.845871307421476,0.593079775804654,-0.904645256480844
"76",0.990763878915459,0.224862039089203,0.896475730934082
"77",0.754072586074471,0.23385470523499,0.30500059550919
"78",0.786116258939728,0.121152208419517,-0.552127474370353
"79",0.91090255160816,0.903361949138343,-0.547140544742267
"80",0.134784414200112,0.772208052920178,-0.28670931367247
"81",0.941069911699742,0.391554003348574,-1.66862870492034
"82",0.231875403784215,0.114322661189362,-0.787064703929083
"83",0.772218227619305,0.281923797680065,1.27497585278782
"84",0.83685264014639,0.536561989691108,-0.329176434859469
"85",0.692326810443774,0.071636363863945,-1.14699484231765
"86",0.19704954023473,0.969618250383064,0.851955600155464
"87",0.82777106249705,0.981896373676136,0.111344471531501
"88",0.55825513205491,0.506091666175053,0.258162286596294
"89",0.806081160902977,0.957742921542376,0.342559136553581
"90",0.97430031793192,0.0848407964222133,0.297250340786166
"91",0.254843733273447,0.71451350627467,0.297383776675626
"92",0.525077293626964,0.579222687054425,-0.162247372064823
"93",0.564459322951734,0.594211503397673,0.20428730436628
"94",0.301839459920302,0.400903017260134,-1.21275993688744
"95",0.967935590073466,0.2186186441686,0.693720511033387
"96",0.958838980644941,0.0768803937826306,1.38218062203241
"97",0.0098087559454143,0.603469734312966,0.891191935206829
"98",0.346105937380344,0.657109953695908,-0.0590089877078443
"99",0.297857838217169,0.176716323476285,-1.16878386265317
"100",0.099734052317217,0.0201515757944435,-0.506147141597201
"101",0.425808536820114,0.531606541480869,-0.251819815717288
"102",0.520892231957987,0.0671837490517646,-1.5177593708884
"103",0.806897555245087,0.687294755363837,-0.364045211585261
"104",0.70764203183353,0.652633768040687,-0.548335388967764
"105",0.673296592431143,0.647284141276032,-0.184202656955977
"106",0.360853854566813,0.152188229374588,-0.74742511383597
"107",0.885566159617156,0.955359424464405,0.230576797744405
"108",0.419854269595817,0.256500227376819,0.39839593997231
"109",0.0242707617580891,0.238430380355567,0.222503156823198
"110",0.910628247540444,0.905860307160765,-0.33682020736977
"111",0.321160107851028,0.168701378861442,-0.920277014846839
"112",0.342005826765671,0.890571537194774,-0.424568610175268
"113",0.362569592660293,0.190770646324381,-0.955369909061728
"114",0.190747374901548,0.846245570573956,0.309016386393499
"115",0.211291396291927,0.0969135542400181,-0.814561671956422
"116",0.0749689009971917,0.0683440763968974,-0.0665234993858019
"117",0.136006082873791,0.439270249567926,0.719176150395016
"118",0.612709823995829,0.809667978668585,-0.0968094330486499
"119",0.789892403641716,0.952001411933452,0.764142126941892
"120",0.999403516761959,0.957126094726846,-0.54771156531311
"121",0.639510189648718,0.894066679524258,0.794137592553094
"122",0.531221822602674,0.127582292305306,-0.944534524364232
"123",0.955447945510969,0.666682165581733,-1.19592297129384
"124",0.667818397982046,0.343917260877788,0.618007683515604
"125",0.86506231687963,0.0860492326319218,0.653774351190418
"126",0.523716006195173,0.772597142029554,-0.859776176627753
"127",0.221605070866644,0.524378812639043,-0.877538605254783
"128",0.368914803024381,0.179473437834531,-0.295649200547767
"129",0.325674886349589,0.375206382013857,-0.608177634777678
"130",0.280907751759514,0.161730066640303,-0.729318387198033
"131",0.595615397207439,0.933133127866313,0.427667358346384
"132",0.389536912785843,0.91806908370927,-0.57620997735433
"133",0.789132098434493,0.536018670070916,-0.265403603719712
"134",0.101825759047642,0.96947976318188,0.0186774982565292
"135",0.374724434921518,0.695915004471317,-0.632929304395145
"136",0.440253413980827,0.815748655702919,-0.748522472757218
"137",0.283788197208196,0.269060608465225,-1.13843454060258
"138",0.917652976699173,0.492628673091531,-1.19727252836888
"139",0.620429100468755,0.236309134634212,0.407396802823367
"140",0.962491276673973,0.477680538082495,-1.01415021791181
"141",0.651463555404916,0.770866439910606,0.0648820440162482
"142",0.110410243039951,0.393981749424711,0.461065497069958
"143",0.208729563513771,0.464365615742281,-1.21222385057403
"144",0.764799904311076,0.278654180699959,0.599793630261883
"145",0.202842747559771,0.996356988791376,0.483623629431077
"146",0.739322777139023,0.868718313984573,0.20331357541844
"147",0.00717209628783166,0.411190106766298,2.47543553949872
"148",0.308505276450887,0.14546186896041,-0.87179965375305
"149",0.0310241805855185,0.0871393419802189,0.526929513811328
"150",0.41497573023662,0.376096232328564,-0.0872687035660557
"151",0.513199684210122,0.788400165038183,-1.51711032567319
"152",0.90783200156875,0.470776087604463,-0.993553659786349
"153",0.670549661386758,0.550569709856063,-0.457317620541157
"154",0.000232221093028784,0.76152265816927,-0.178067798412347
"155",0.000512864207848907,0.61472102580592,0.108303194465617
"156",0.0523552808444947,0.200695053674281,0.35509122598602
"157",0.717586322454736,0.742389281978831,0.384779482486873
"158",0.145158099010587,0.363144156290218,0.201993869269648
"159",0.123513231053948,0.927146770292893,2.05196503505409
"160",0.870569534599781,0.18958327267319,-0.0485969421424311
"161",0.922652504174039,0.70212693978101,-0.806438764251321
"162",0.13610363076441,0.757309360429645,-0.20759228371279
"163",0.703225242206827,0.9605218837969,0.251229960933088
"164",0.0774672806728631,0.371512647951022,0.914754015460011
"165",0.181624090997502,0.555160181596875,-0.248845280921854
"166",0.556558235082775,0.530575098004192,0.0835646725460004
"167",0.360753648681566,0.801730514038354,-0.355735680501804
"168",0.962028949288651,0.414016116410494,-1.13632913164117
"169",0.617730924393982,0.359377808403224,1.06531065047654
"170",0.669339383020997,0.589787096949294,-0.314410136295865
"171",0.419936622260138,0.247748566325754,-0.0223206276771352
"172",0.0858206399716437,0.166846861131489,1.25857842715849
"173",0.39315044414252,0.111851247260347,-0.893387331382595
"174",0.509296745294705,0.468393952818587,-0.52316978080534
"175",0.496263187378645,0.663266068557277,0.207526552676365
"176",0.96941806236282,0.394600393949077,-0.659778973477414
"177",0.880008396459743,0.379044242901728,0.0874439914753279
"178",0.734207949135453,0.817807717481628,0.32059358433635
"179",0.652675814228132,0.362419376615435,-0.215153134078037
"180",0.679858849849552,0.800694870296866,0.688785679128778
"181",0.638157740933821,0.390580410603434,0.0192501726263092
"182",0.569417770719156,0.149550208821893,-0.713448783207392
"183",0.0148605024442077,0.153532406315207,0.637515045984336
"184",0.653498019790277,0.837771120248362,1.00391272655432
"185",0.823737050639465,0.453773803310469,-0.623955049717313
"186",0.072530630743131,0.27252942416817,0.156033529067908
"187",0.71482119243592,0.0674983458593488,-1.50653742834806
"188",0.029946802649647,0.0344759647268802,0.65524667062464
"189",0.507758141029626,0.872251834254712,-1.00641315514144
"190",0.552889168495312,0.607718997634947,0.467588326016212
"191",0.669921431690454,0.310776899801567,1.18288163436038
"192",0.41918770968914,0.645907182479277,-0.568030714240314
"193",0.791891199536622,0.539951677666977,-0.667346571669783
"194",0.551816653925925,0.619216951075941,-0.143316344450704
"195",0.817517193034291,0.442865118850023,-0.257741344894477
"196",0.434951855102554,0.920131070772186,-0.486307509284212
"197",0.197421800112352,0.308731727069244,-0.686789524904251
"198",0.66956928675063,0.641433420125395,-0.133102346227248
"199",0.316630567889661,0.351676947670057,-0.539065689045291
"200",0.893138160929084,0.199122970225289,0.560095324507091
"201",0.167731330730021,0.56992136919871,-0.529607205825631
"202",0.725305881351233,0.686257184483111,-0.382402164473402
"203",0.698692490812391,0.288084569387138,0.592039610479251
"204",0.173389797331765,0.851594538195059,-0.0516074662314481
"205",0.987722905352712,0.364500518888235,-0.946639335996122
"206",0.732348652556539,0.170052849920467,-0.278920784690435
"207",0.229553282959387,0.427872398402542,-1.44158703319065
"208",0.106715739006177,0.66455460852012,-1.58863738123907
"209",0.76369325327687,0.769075563410297,-0.331767645671315
"210",0.108289854368195,0.871486759046093,0.852135963171175
"211",0.138055890100077,0.727436067303643,-0.0552567718535929
"212",0.667676424141973,0.282134933397174,0.312273338827067
"213",0.167266830569133,0.813385881017894,0.789091230983617
"214",0.56243187491782,0.262862763600424,0.654323279487157
"215",0.315788596170023,0.724803290097043,0.0809576207669421
"216",0.673266783822328,0.918140040244907,1.17762140917285
"217",0.464105359977111,0.860020579537377,0.319033643884497
"218",0.992567151319236,0.974669625982642,-0.926670494222764
"219",0.555808213539422,0.293170941527933,0.851174929241028
"220",0.807125089457259,0.236505436478183,0.575973630028269
"221",0.965107781579718,0.101685638073832,0.634376683842
"222",0.629945472814143,0.651442520553246,0.0751517371668091
"223",0.00604155380278826,0.287204494467005,1.19127662864071
"224",0.782083314144984,0.502726822858676,-0.884137957870045
"225",0.581053604371846,0.369660254335031,0.333409460827007
"226",0.762040172005072,0.940044004935771,1.24743158549205
"227",0.423950498457998,0.0709103036206216,-0.587549507015318
"228",0.614623573375866,0.114087584195659,-0.263092277920207
"229",0.0994729900266975,0.139074404491112,0.226067216371829
"230",0.559607843402773,0.865938229719177,-0.149823022130542
"231",0.0607319925911725,0.637047199998051,-0.998417670642617
"232",0.376162411412224,0.375731778331101,-1.33886346777416
"233",0.77954160887748,0.361036227317527,0.480182089910038
"234",0.0380206061527133,0.640955723589286,-0.380070479963153
"235",0.555208403384313,0.681011933134869,0.237874927261231
"236",0.6206358615309,0.0416741499211639,-1.40433180076247
"237",0.114153445931152,0.731048450805247,0.200552460296419
"238",0.319310897262767,0.948409395525232,0.347755828274859
"239",0.176615545758978,0.130142636364326,0.211788544373634
"240",0.25745545886457,0.813919107196853,0.0694059729125882
"241",0.592117295833305,0.924274707678705,-0.0471097534788945
"242",0.863599788630381,0.540124512976035,-0.29850219778436
"243",0.871225158451125,0.0668687156867236,0.74182136275818
"244",0.788913449272513,0.962757618166506,0.784833525759793
"245",0.0274250784423202,0.335831900592893,0.880408169724407
"246",0.91910056094639,0.166544593637809,0.37598732129686
"247",0.957996035460383,0.443227476673201,-1.05566446838177
"248",0.70421374309808,0.222878096159548,0.119337555322908
"249",0.38922055833973,0.168062253156677,-0.893075263040734
"250",0.486195380799472,0.481484565185383,0.589750812875769
"251",0.735337952850387,0.269667166285217,0.5580290685416
"252",0.612358122365549,0.869767214404419,0.120050418882302
"253",0.371095451992005,0.662705176742747,-0.303873912243986
"254",0.605617611669004,0.204417436616495,0.796665161794991
"255",0.78814355446957,0.74774901336059,-0.401942066449673
"256",0.785886507714167,0.13497008359991,0.045318630195887
"257",0.388787792995572,0.160362465539947,-1.35769407450805
"258",0.492779709631577,0.818746355362236,-0.266490035676618
"259",0.385716044809669,0.0341827068477869,-0.00115552857253983
"260",0.333320527803153,0.962436194065958,0.525669159555746
"261",0.85069502168335,0.981635784031823,0.680587229584537
"262",0.551673822570592,0.0348408250138164,-0.835111974755113
"263",0.0527178032789379,0.370855445740744,1.47205017096557
"264",0.451032226672396,0.300849249353632,1.15569624294878
"265",0.32053354056552,0.147852451074868,-1.17891864364115
"266",0.488024955848232,0.351192597299814,1.20493338986759
"267",0.312201770255342,0.538538107415661,-0.55842759225688
"268",0.569699931889772,0.936468746280298,0.134254193466065
"269",0.341046960325912,0.195383022306487,-0.811953151110506
"270",0.584355275146663,0.242525523761287,0.341592166908823
"271",0.525057239690796,0.628024966688827,0.905635550254286
"272",0.148951295297593,0.0775065436027944,-0.186337201361043
"273",0.459833916043863,0.472432219889015,-0.510383646399269
"274",0.371218901127577,0.462797544198111,-0.858358065632285
"275",0.142951902700588,0.43711787997745,0.396849913839363
"276",0.670182841131464,0.556164339417592,-0.928325369400267
"277",0.937136814463884,0.0898084298241884,1.22989980898582
"278",0.535294673871249,0.215128355659544,-0.215910644810574
"279",0.678846599068493,0.653095011366531,-0.174147403439129
"280",0.499792928807437,0.879994200309739,-0.274542997497485
"281",0.575581596465781,0.723855275427923,-0.611688790906281
"282",0.177428129129112,0.737203866709024,-0.118906200631904
"283",0.0349266128614545,0.0988568339962512,0.431933366034603
"284",0.21863796794787,0.66322905360721,0.626098987518253
"285",0.177374466788024,0.863321004901081,0.611077854261598
"286",0.803147899452597,0.485814476851374,-0.329342037171465
"287",0.572282412089407,0.906239186180755,-0.332977549505024
"288",0.522492069052532,0.210395053727552,0.173088258198034
"289",0.958387336228043,0.941754813538864,-0.80942781071902
"290",0.22125317947939,0.812616206938401,0.619661122207192
"291",0.346852836664766,0.164178098086268,-0.825283648040927
"292",0.303127706516534,0.317483420250937,-0.536824068766402
"293",0.218022974673659,0.933174587087706,1.07970905253589
"294",0.14526553126052,0.848565457155928,0.790404375661203
"295",0.149897977011278,0.00236919615417719,-1.28674703962981
"296",0.365615038201213,0.296062262263149,-0.726795994374091
"297",0.0136445316020399,0.299178447807208,0.877095059658649
"298",0.195392285939306,0.72660708008334,0.0595726870482743
"299",0.476785976905376,0.647645071381703,0.32779003146652
"300",0.0211826849263161,0.166465947404504,1.06085354516106
"301",0.882378272013739,0.499346008757129,-0.30409198152242
"302",0.347222106065601,0.946716863662004,0.658191234119305
"303",0.977932436624542,0.988331121159717,-1.16960890423401
"304",0.394962430233136,0.493673304095864,-0.704408380054575
"305",0.641001215670258,0.147933357860893,0.0694695733043273
"306",0.300153874559328,0.360849833814427,-1.42661716511982
"307",0.762641789857298,0.9784313486889,1.10378405500906
"308",0.185821168357506,0.220529049634933,-0.126791057074438
"309",0.757681599119678,0.297133703250438,0.0291336573006591
"310",0.0976675320416689,0.248026254819706,0.19147465616043
"311",0.787172016454861,0.503324920544401,-0.633950974458169
"312",0.986425578594208,0.187580346828327,0.837260284454759
"313",0.620060309767723,0.0439433457795531,-1.54852745139405
"314",0.967483094194904,0.973917052149773,-1.07952420210657
"315",0.0548098732251674,0.88905704091303,-0.194456148985566
"316",0.0209830629173666,0.459734912030399,1.5784149052542
"317",0.0841057372745126,0.909745377255604,0.641578760866313
"318",0.65480124601163,0.301159949507564,0.642765374340827
"319",0.108298421138898,0.517522522713989,0.648154118725947
"320",0.428523461800069,0.454735020874068,-0.617004487557564
"321",0.753065957222134,0.548300108872354,-0.54862010510706
"322",0.798057087929919,0.498386384919286,0.252629351737243
"323",0.632438377710059,0.97023634519428,-0.0594607463756471
"324",0.151815388351679,0.521950470283628,-0.5609206685312
"325",0.701782034477219,0.398310059681535,-0.594004751657218
"326",0.286637657089159,0.542279422050342,0.30604483808455
"327",0.974120257887989,0.28666599933058,-0.694298395173661
"328",0.355010674102232,0.82983532268554,0.357835922437966
"329",0.677678094478324,0.707896994194016,0.428573026448707
"330",0.864403725136071,0.909102217527106,0.00932918938840051
"331",0.37391606089659,0.994193490128964,0.458829330908811
"332",0.793180762091652,0.108600366394967,0.034007457469502
"333",0.717283911537379,0.20203685038723,0.4635376129921
"334",0.231318719917908,0.199389955727383,-0.796095796336337
"335",0.288843758637086,0.995550833875313,1.13968443368763
"336",0.785728390328586,0.103176042204723,-0.515781605139591
"337",0.527038607746363,0.523193719331175,-0.451544282301971
"338",0.869988605612889,0.8492510644719,0.217367440634184
"339",0.454224877990782,0.65394847560674,0.243082575488655
"340",0.621589587070048,0.113991620251909,-0.601151272237849
"341",0.463569141225889,0.84931689617224,-0.549737085607413
"342",0.855367465643212,0.424992170650512,-0.163195354235573
"343",0.77165459189564,0.113966125529259,-0.267786005132375
"344",0.300322782248259,0.0240579794626683,-0.0121278153138206
"345",0.104972371133044,0.245824221055955,-0.471293222511754
"346",0.414069619961083,0.977297968463972,0.428655319390938
"347",0.80187447485514,0.721112019615248,-0.27780236482833
"348",0.319399820175022,0.264770718291402,-0.8490198651199
"349",0.961832797620445,0.24780861241743,0.440858478834098
"350",0.309603602159768,0.244191950885579,-0.66256268148765
"351",0.248196349013597,0.0186709880363196,-0.656820927441771
"352",0.247982274042442,0.768333963118494,0.100863381288788
"353",0.606443356256932,0.188910108059645,1.083419874197
"354",0.178768384968862,0.681633859174326,-0.703861471520308
"355",0.749653075123206,0.410426450893283,-0.827645907693188
"356",0.656950091011822,0.910418120212853,1.0236100134135
"357",0.521023464854807,0.569238155847415,0.0226648198294023
"358",0.29468153999187,0.450256543233991,-0.749244272553533
"359",0.404346650699154,0.620491838315502,-0.0967313180774495
"360",0.725937058683485,0.93529634620063,1.03864124332476
"361",0.105760071659461,0.168876141309738,0.794307917258214
"362",0.734007866354659,0.635321508860216,-0.838174631246104
"363",0.147388636367396,0.873594357166439,1.1146230601055
"364",0.0178457002621144,0.165948880836368,1.70476169322487
"365",0.615451830904931,0.40216845087707,0.409958935181806
"366",0.199682388221845,0.273457124596462,-0.498427259662275
"367",0.452509181806818,0.0777655548881739,-0.144902267324368
"368",0.892091652145609,0.87694691773504,-0.633632900517379
"369",0.633255190681666,0.789384214906022,0.223618831492159
"370",0.426888562506065,0.41135413874872,-0.0483548452109818
"371",0.192066168179736,0.685261267703027,0.0782469756775549
"372",0.76438802597113,0.924757951870561,1.24466347512722
"373",0.00354935438372195,0.889407325536013,-0.115503949501076
"374",0.443201758665964,0.0319696117658168,0.160841130898659
"375",0.132457856088877,0.0800349675118923,0.491546433301054
"376",0.886160162044689,0.715147984679788,-0.340666075135806
"377",0.552864828146994,0.539563461905345,-0.175216708175631
"378",0.738677216693759,0.529953598976135,-1.00339795217281
"379",0.061717082047835,0.93383197649382,0.170407640695813
"380",0.0207915930077434,0.994435159955174,-0.11070642329361
"381",0.911905259825289,0.408484417945147,-0.715860152836723
"382",0.786250613629818,0.111766600748524,-0.302317856640093
"383",0.737192056607455,0.00322137586772442,-0.915048954172318
"384",0.284848522627726,0.594995483988896,-0.182578435279054
"385",0.989797313231975,0.461003553355113,-1.44439333810639
"386",0.334282567026094,0.291183256311342,-0.174870625433443
"387",0.662077664630488,0.118378698825836,-0.549745814044473
"388",0.453581306152046,0.203108187066391,-1.22387840792295
"389",0.110910456627607,0.3307580484543,0.418693227956077
"390",0.356204224284738,0.288601458771154,-0.502852776819605
"391",0.344690564787015,0.167729843407869,-0.970934342085626
"392",0.68840449070558,0.103784488048404,-1.18650596693919
"393",0.980412357253954,0.419029680779204,-0.683460245439046
"394",0.497768665431067,0.558321957010776,0.298891355830743
"395",0.16215175925754,0.155063288286328,-0.221333605925542
"396",0.986183004686609,0.725675870198756,-0.933360717105554
"397",0.742440960835665,0.815704880515113,-0.61655521364833
"398",0.624813849572092,0.0762171049136668,-1.67279374381861
"399",0.281903699040413,0.749510869849473,0.501563481511901
"400",0.0197637542150915,0.593436477240175,0.0673030865723917
"401",0.317000669427216,0.723877577809617,0.623336258298262
"402",0.294226193800569,0.183202390559018,-0.886968249815149
"403",0.156559395371005,0.0701978232245892,0.227054148716845
"404",0.187929342966527,0.74401109945029,0.14447732214584
"405",0.811697156867012,0.342458493076265,0.617136063928228
"406",0.644123838050291,0.69483002088964,-0.225650998762668
"407",0.77884483197704,0.859598673181608,-0.291967546768412
"408",0.551457748748362,0.91030944720842,-0.821888052079318
"409",0.134974797721952,0.838426501490176,0.905319947854821
"410",0.640506515279412,0.0690122919622809,-1.70730634538982
"411",0.0308506796136498,0.711430111434311,0.0540910721286604
"412",0.571115272585303,0.697107665007934,0.350624621626956
"413",0.5358669499401,0.806283373618498,-1.22495723278458
"414",0.479370501590893,0.503786491462961,0.390663360467986
"415",0.813027808209881,0.556619844399393,-0.659365181982126
"416",0.374133631121367,0.219466312788427,0.121282022584049
"417",0.806969430530444,0.0285591338761151,-0.691652539881385
"418",0.480525447288528,0.959430338349193,-0.325719811021061
"419",0.221293411683291,0.628593492554501,0.939511729024961
"420",0.201493713306263,0.578912948258221,-0.377053337718455
"421",0.394773764535785,0.0706651983782649,-0.720241992551582
"422",0.386303578969091,0.683830862632021,-0.259917329554322
"423",0.574235048377886,0.114839917747304,-0.73926172494139
"424",0.529997496632859,0.0915826226118952,-0.819842476222164
"425",0.312551786191761,0.0513486568816006,-0.0729700458544867
"426",0.993470553308725,0.990949248662218,-0.490184652895984
"427",0.101357673062012,0.265747479861602,0.130518472941591
"428",0.555239549372345,0.904066463932395,-0.774007016800472
"429",0.859411458019167,0.941264759050682,-0.3361703362174
"430",0.763518351130188,0.216359445592389,0.170916235141776
"431",0.558690466219559,0.61156356218271,0.286653891977251
"432",0.232067913748324,0.615681918337941,-0.567291794217881
"433",0.722521353513002,0.706988246645778,0.295037935802982
"434",0.727663296973333,0.0900769275613129,-0.475479089095136
"435",0.154838118003681,0.65212076716125,-1.31646105165666
"436",0.271913695149124,0.520220038713887,-0.905350281211358
"437",0.91334900050424,0.978997138794512,-0.0920045486861019
"438",0.96342936065048,0.0895905906800181,0.348200186283715
"439",0.803421354154125,0.064371892483905,-0.5691725025501
"440",0.123202113434672,0.270560842705891,-0.54024896882305
"441",0.927836791612208,0.664263512007892,-1.21730224180589
"442",0.370396990794688,0.646759523078799,-0.493360432844804
"443",0.499636282911524,0.937441318761557,-0.120217067164305
"444",0.515038067940623,0.217575301649049,-0.243432882674441
"445",0.458415247034281,0.756420024204999,-0.388290865595434
"446",0.200658204965293,0.14715092163533,-0.213466445699062
"447",0.70883785863407,0.96451582829468,0.944510437401734
"448",0.618202068144456,0.74913256498985,-0.147437812209414
"449",0.374334707390517,0.267572960117832,-0.140669217747938
"450",0.559939303435385,0.0829544146545231,-1.38115851338794
"451",0.97908436995931,0.0749950518365949,0.682165984081419
"452",0.930909707443789,0.503130153054371,-1.17923093432644
"453",0.290745552163571,0.115705847973004,-0.34780085643673
"454",0.876429155701771,0.901646460173652,0.224030974860553
"455",0.987069224240258,0.797154026571661,-0.578799366406342
"456",0.106575213139877,0.225543472217396,0.101450511306007
"457",0.701432488625869,0.432006200542673,-0.54016423292339
"458",0.302233769791201,0.247322210343555,-0.115561269196097
"459",0.661111073568463,0.202335037523881,0.23768483540008
"460",0.333987596910447,0.188810137333348,-1.01155124982003
"461",0.338557230774313,0.126785189611837,-1.441208168328
"462",0.146018874831498,0.207763907732442,0.392995261139401
"463",0.904799091396853,0.305036202771589,0.290335105030806
"464",0.948236606782302,0.155465243384242,0.675040903748304
"465",0.996525052702054,0.156880138674751,1.09813897227096
"466",0.338894960703328,0.893401372944936,-0.944351779591695
"467",0.0946588565129787,0.242555399658158,0.0648150129038756
"468",0.214583373628557,0.699126771418378,0.411357494882205
"469",0.954767591087148,0.955260777613148,-0.660621426175131
"470",0.926427425118163,0.779671120457351,-0.91605117531467
"471",0.744721739552915,0.675466432701796,-0.261293699765699
"472",0.311962474603206,0.531072823097929,-0.219232877808063
"473",0.595779948402196,0.53830426861532,-0.204720970359054
"474",0.627301492495462,0.613465945003554,-0.243725579508543
"475",0.301175995497033,0.92317246645689,0.0658627180110179
"476",0.194599311100319,0.663016345119104,-0.266134835213875
"477",0.0536638621706516,0.289942987496033,0.527281590773906
"478",0.796429208246991,0.93238211190328,0.0265170125061203
"479",0.901963669573888,0.564962283009663,-0.457792879515502
"480",0.126284561818466,0.289873727830127,-0.259516975376967
"481",0.775959736667573,0.651070093270391,-0.777504329652495
"482",0.294013193342835,0.318002154352143,-0.965703006927551
"483",0.752042399486527,0.978873828426003,0.300828161569006
"484",0.227825437905267,0.84629712998867,0.143249785488595
"485",0.212332482915372,0.501307680271566,-0.598877236258259
"486",0.254959150683135,0.0256275329738855,0.108409206414648
"487",0.796289681689814,0.127271763281897,-0.0965089760618268
"488",0.791429592762142,0.346347598358989,0.877791883484422
"489",0.946131575154141,0.195267456350848,0.706436958820417
"490",0.520592244807631,0.737552673555911,-0.127242275496586
"491",0.871867647627369,0.744662877637893,-1.19384891370983
"492",0.121827453374863,0.0591890066862106,0.0504273468380934
"493",0.332853666972369,0.77981319394894,0.314339571862254
"494",0.307167701655999,0.192718677222729,-0.663967599450706
"495",0.302081167930737,0.776838224614039,0.134941757321618
"496",0.619951249333099,0.211313164094463,0.783382069645276
"497",0.32190674636513,0.78017533547245,0.451674610958173
"498",0.624673881335184,0.890738599235192,1.16053356084636
"499",0.00604575756005943,0.35283326683566,1.34293855672808
"500",0.869421337498352,0.0923884289804846,0.231613815520658
"501",0.995674915378913,0.144974914379418,0.443600710133957
"502",0.0357152887154371,0.225628204410896,0.310937373045885
"503",0.349128152243793,0.250312743009999,-0.475336502508223
"504",0.103254881454632,0.316394686233252,0.0956030055017297
"505",0.946813565213233,0.370459270663559,-0.849722169738014
"506",0.403430471429601,0.891741906758398,-0.898736249530996
"507",0.658439096529037,0.405199805274606,0.0897324433427856
"508",0.160894969943911,0.426126238657162,0.0439646727658714
"509",0.224086348665878,0.966292907716706,0.0780748463872743
"510",0.205992702860385,0.0760417417623103,-1.01888055978453
"511",0.224863548763096,0.340228421613574,-0.924965467243506
"512",0.410150486277416,0.946087969234213,-0.072787967376079
"513",0.616601648274809,0.576648712391034,-0.274280294101462
"514",0.480393585981801,0.711310638813302,-0.265253242067945
"515",0.26872452092357,0.422477851621807,-1.64252620734718
"516",0.762523063225672,0.635999240446836,-0.689149034887294
"517",0.202668749494478,0.894353872165084,0.269218680412848
"518",0.97993468074128,0.50281338696368,-0.64016232212525
"519",0.838962283916771,0.228165755979717,0.0207747981027789
"520",0.970005414448678,0.519367703935131,-1.47347409986619
"521",0.284166717436165,0.877437473041937,0.367539047874494
"522",0.626319011906162,0.842686387943104,0.595920079309053
"523",0.88582652201876,0.214547817129642,-0.259369845760837
"524",0.576613811310381,0.0419795350171626,-1.20888362471244
"525",0.259907722938806,0.159425731282681,-0.821090493344331
"526",0.754093130584806,0.260240651899949,0.939711697334037
"527",0.365662935655564,0.583711136132479,0.260009530791968
"528",0.932257830165327,0.458591835806146,-0.286545999503909
"529",0.41439069295302,0.438313994091004,-0.872103139789594
"530",0.74311247561127,0.0275943141896278,-1.73886258851476
"531",0.285220433492213,0.0401405955199152,-0.343359435799215
"532",0.614887919509783,0.0735414088703692,-1.48347407744237
"533",0.727104998659343,0.899455035338178,1.32689829927776
"534",0.650116819189861,0.92414784617722,0.358371237951812
"535",0.0333758951164782,0.987658620579168,-0.418964385530584
"536",0.406489071901888,0.346010241657495,0.192848001820241
"537",0.865918918745592,0.295911900000647,0.0855545396531897
"538",0.640776063781232,0.385825801640749,-0.0674918964210511
"539",0.932488490827382,0.709577979287133,-0.346383199245195
"540",0.80157067021355,0.156929075717926,0.702313777639896
"541",0.200593576766551,0.609530959744006,0.0376293016422684
"542",0.241217269795015,0.748490913072601,0.19174605031455
"543",0.296825205907226,0.237656268756837,-0.903394769280188
"544",0.674494756851345,0.387355681974441,0.256569867419286
"545",0.945101096760482,0.118725907988846,0.815260795825212
"546",0.96397080575116,0.576697012875229,-0.402223540794651
"547",0.0407266549300402,0.397307856241241,0.997284834699828
"548",0.380851218709722,0.61413288069889,-0.138379525814512
"549",0.90091525297612,0.346947623416781,-0.333332190701128
"550",0.803872401593253,0.989766686921939,0.709682283708504
"551",0.0160294072702527,0.174323265673593,0.848812681380596
"552",0.107393090380356,0.10683098458685,-0.259523233154675
"553",0.395682997303084,0.0502865114249289,-0.369202739296344
"554",0.543817560188472,0.0774851972237229,-0.980472633263773
"555",0.314952741842717,0.253959106048569,-0.570043161143723
"556",0.189917624229565,0.283825057558715,-0.578993640265786
"557",0.249494603369385,0.392772103194147,-1.77389251252241
"558",0.539497009012848,0.0893621256109327,-0.990811247089105
"559",0.792834335472435,0.70799914910458,-0.359183118224255
"560",0.074472164735198,0.305525284260511,-0.0409395028607634
"561",0.820075978059322,0.253251355374232,0.390177909304205
"562",0.788949327310547,0.440104922279716,-1.1055601672851
"563",0.263219866203144,0.0916160026099533,-0.985390706601615
"564",0.0980818937532604,0.10276184277609,0.200759740118678
"565",0.354422628181055,0.0904474498238415,-0.290640296686047
"566",0.46844362677075,0.845005979994312,-0.371178599277654
"567",0.643246313324198,0.657745895907283,-0.130703196262019
"568",0.296154970536008,0.298380616586655,-0.590567034800629
"569",0.0814460655674338,0.0244949092157185,-0.263000755343766
"570",0.985201963223517,0.650894584832713,-0.661944437660772
"571",0.226259981514886,0.360233173705637,-0.921579898339819
"572",0.440267963102087,0.177379976958036,-1.92631801525587
"573",0.674388155573979,0.669849018100649,0.0542445438151711
"574",0.221029318403453,0.0624072174541652,-0.624660048644263
"575",0.575938417343423,0.448034716304392,0.626162493970284
"576",0.668961562449113,0.980937745422125,1.01631184197493
"577",0.755561079597101,0.81492274440825,0.45716194088413
"578",0.287092381156981,0.257645820267498,-0.193209864523644
"579",0.830468419473618,0.81277188914828,0.191288432715821
"580",0.183214165037498,0.834801109042019,0.181070960885008
"581",0.824478136841208,0.768818064127117,-0.071385851348172
"582",0.367617205251008,0.820813103346154,-0.62006986654552
"583",0.998894721269608,0.660549024818465,-0.639278266908835
"584",0.627705368911847,0.964278146158904,0.237433665759668
"585",0.749036813387647,0.763206597883254,-0.478340228256909
"586",0.904696397483349,0.278566399822012,-0.110271668025162
"587",0.325573633657768,0.391567001584917,-1.22763248704054
"588",0.849111363757402,0.582512403838336,-0.499433699263187
"589",0.52199065242894,0.875204255571589,-0.367898724155415
"590",0.957573808263987,0.640953852096573,-0.305974895779898
"591",0.700827460037544,0.0656159950885922,-1.12059984983924
"592",0.0907882831525058,0.991776476381347,0.0536165141778632
"593",0.189547251211479,0.468386583263054,-1.0076905332718
"594",0.174639937467873,0.0695804923307151,-0.669786702508169
"595",0.682652583811432,0.359279702184722,0.541294569497303
"596",0.440914806677029,0.956993161933497,0.802176681428853
"597",0.0478390008211136,0.848219917155802,-0.0916481279482004
"598",0.759880839381367,0.458153274608776,-1.24172328754547
"599",0.79755428712815,0.337586315581575,0.922641603188757
"600",0.829304141923785,0.930659926496446,0.487852052508965
"601",0.862192157888785,0.60931761842221,-0.303109715033584
"602",0.263248955830932,0.615683402866125,0.139526915827901
"603",0.615916003240272,0.687379264738411,-0.623917948176767
"604",0.188155556097627,0.926172578707337,1.31018060071836
"605",0.166097972309217,0.0475107338279486,-0.574799544032014
"606",0.432486624689773,0.727018772391602,-0.539470135807539
"607",0.0666940533556044,0.149448485579342,0.638242517738187
"608",0.743757313815877,0.371881516184658,0.137863284829386
"609",0.541572817834094,0.119147403398529,-1.00641330713219
"610",0.556143034948036,0.205755387432873,0.365528646111653
"611",0.359233682975173,0.985026110196486,0.778404467173732
"612",0.23218567064032,0.927867566002533,1.49698271669122
"613",0.487366555258632,0.3279098123312,0.966743771765533
"614",0.0492365560494363,0.193253460107371,0.722977814633124
"615",0.895287706516683,0.770692455116659,-1.09486971437741
"616",0.337885896675289,0.43099300772883,-1.34083882789772
"617",0.879696645541117,0.391535326372832,-0.343619940261582
"618",0.82771810516715,0.0383838380221277,-0.5787639127435
"619",0.985579791944474,0.0950272851623595,0.802114477642173
"620",0.402655695565045,0.72004914842546,-0.629870077593922
"621",0.930998580530286,0.575523811159655,-0.226101456207653
"622",0.797621753299609,0.388578437268734,-0.832430419246302
"623",0.514974107034504,0.990241633262485,0.498287605299957
"624",0.928020486375317,0.545888911467046,-0.557012044767867
"625",0.627537531312555,0.020821307785809,-1.30389412740608
"626",0.790966606000438,0.291947456309572,0.879952438950636
"627",0.34590708417818,0.248447386547923,-0.574054121161089
"628",0.955519887851551,0.864253668114543,-0.991173905715855
"629",0.585885670268908,0.835205034352839,0.333624374374196
"630",0.865940700052306,0.943005128530785,0.634419477617224
"631",0.00221062754280865,0.950491745723411,-0.143597696540426
"632",0.153713091043755,0.390932055888698,0.0371346279189438
"633",0.57157524372451,0.305010184412822,0.624999135550912
"634",0.312958238180727,0.313400377752259,-0.987907248867111
"635",0.528765086550266,0.231187982717529,0.29598437228487
"636",0.37487705447711,0.542455171933398,0.0607762839748027
"637",0.254326706752181,0.242173745529726,-0.726238940992916
"638",0.691050960216671,0.583994046552107,-0.0837205315730043
"639",0.782895265379921,0.892938852543011,0.214228846920193
"640",0.98129022703506,0.49566446361132,-1.17255304918052
"641",0.551881482824683,0.804852782282978,-0.542299049195153
"642",0.609987767413259,0.0145905814133584,-0.927747527936278
"643",0.380456956801936,0.978776516858488,0.127904247022044
"644",0.670271843438968,0.60143792279996,-0.313038847044112
"645",0.782221693312749,0.1147570470348,-0.461595373613856
"646",0.949330287287012,0.654272806830704,-0.697920951567728
"647",0.381507942918688,0.599516833899543,-0.602497180173737
"648",0.406024255091324,0.0808630001265556,-0.45147925608545
"649",0.0325271177571267,0.668238292215392,0.116841930646796
"650",0.534048534464091,0.94203150132671,0.415644191596349
"651",0.0115572318900377,0.460892803734168,0.943180867219457
"652",0.154995654709637,0.658579014008865,-0.602024219529453
"653",0.872723133768886,0.154728230787441,-0.0714808389353026
"654",0.0474390224553645,0.98982372530736,-0.866848569601292
"655",0.213668542448431,0.981973989633843,1.73074116313698
"656",0.796956817386672,0.432063055457547,-0.861884946658644
"657",0.283926693722606,0.693380444310606,0.0436229493558761
"658",0.83570373011753,0.748666842700914,0.153520762896345
"659",0.694602109724656,0.590314922388643,-0.607594173139273
"660",0.306320871692151,0.584139846032485,0.216360613071095
"661",0.802620148286223,0.846886990591884,0.746668341055018
"662",0.703338120365515,0.580972643336281,0.371107938318331
"663",0.764322861796245,0.69740343070589,-0.419159568699593
"664",0.32835240336135,0.57607200415805,0.62311033991221
"665",0.449515450047329,0.852668630657718,-0.633408297171362
"666",0.946975023020059,0.238779755542055,0.28191815757153
"667",0.64559561596252,0.999385272618383,0.605962383908875
"668",0.0823170421645045,0.465732688549906,1.00533794678443
"669",0.836609663674608,0.495317372959107,-0.028648571808302
"670",0.0307864984497428,0.327990002231672,0.533155388287306
"671",0.50697495858185,0.519437663722783,0.592414695405363
"672",0.824517358327284,0.0428591403178871,-0.180852230149947
"673",0.257401662878692,0.242731318343431,-0.432124367399282
"674",0.0549126302357763,0.517977010924369,1.22624429086789
"675",0.3076378966216,0.516574422130361,-1.10426211395205
"676",0.0194649705663323,0.493467594729736,1.22222631109931
"677",0.880490308860317,0.518436463782564,0.004281443482116
"678",0.440576085820794,0.84764659916982,-0.432533966165636
"679",0.291292593348771,0.723941513337195,-0.0078975150582113
"680",0.621622231788933,0.859103327384219,-0.250022417956521
"681",0.50680850376375,0.502919795224443,-0.0890353466122057
"682",0.70473486953415,0.595663181040436,-0.194903520161524
"683",0.269734318833798,0.802636042702943,1.20143496900634
"684",0.55569230648689,0.175626337062567,-0.0182994638096747
"685",0.195812702877447,0.461745449109003,0.125629039461375
"686",0.821625738870353,0.189956529065967,0.26924118082578
"687",0.122267340309918,0.162986133247614,0.823833027257479
"688",0.499605131801218,0.568724723067135,-0.0401029505191159
"689",0.759659307310358,0.578103707404807,-0.667361304207342
"690",0.503306929022074,0.606085783103481,0.211780327412328
"691",0.423409343697131,0.436880940338597,0.136372525914178
"692",0.837392356013879,0.975664264522493,0.516169670638817
"693",0.784606642089784,0.442044171504676,-1.2113564868636
"694",0.0626186670269817,0.398295804858208,0.629231086729987
"695",0.905292620882392,0.650924927089363,-1.15960058746374
"696",0.643464962020516,0.53194123879075,-0.578391268936325
"697",0.998645512387156,0.170166459633037,0.681446871306377
"698",0.581240858649835,0.807061542058364,-0.666531409248055
"699",0.409480506554246,0.207478910451755,-0.074205770107212
"700",0.0522410366684198,0.359841078752652,1.45877500392103
"701",0.934150577057153,0.604298043763265,-0.439283132419226
"702",0.224940214306116,0.854595877928659,0.4467099268556
"703",0.617030421504751,0.887330059194937,0.0930070754544767
"704",0.816276367055252,0.99045497388579,0.301616773023307
"705",0.133126904023811,0.328114917734638,-0.0775753880407476
"706",0.133366318652406,0.0593060159590095,-0.464718268824267
"707",0.115766995819286,0.0998394235502928,0.192657350387264
"708",0.72649712045677,0.891155324643478,0.504819348931489
"709",0.658330661943182,0.367129897465929,0.877712382026715
"710",0.0245333311613649,0.81167874368839,-0.0346084141608958
"711",0.150735201081261,0.533095603343099,0.137767583951676
"712",0.934512038948014,0.823642305098474,-0.415130621861028
"713",0.993847081437707,0.884275496937335,-0.967400775896417
"714",0.299267034046352,0.426833913428709,-1.12748345132348
"715",0.598689263453707,0.192956943530589,0.941968848218694
"716",0.936632817145437,0.0734225406777114,0.36444965055479
"717",0.302046449389309,0.590638198424131,-0.516412820873107
"718",0.978794439928606,0.18035966088064,0.679620577004305
"719",0.131434729788452,0.62783514871262,-1.03795961483617
"720",0.904448356013745,0.895664651645347,0.175544993153109
"721",0.228433775948361,0.805592308752239,0.255039940801839
"722",0.434128772700205,0.917567187454551,-0.627051129911728
"723",0.0957274395041168,0.778045763028786,0.283481624907458
"724",0.349584865849465,0.108758891932666,-0.670669228572402
"725",0.805146458325908,0.537626714678481,-0.476465492051164
"726",0.125838549574837,0.492605450097471,0.0584186591987249
"727",0.225944560486823,0.497917318483815,-0.466888191497362
"728",0.156581748044118,0.94802922103554,1.9166530262368
"729",0.676497704116628,0.0139820841141045,-1.46375524707938
"730",0.47846206324175,0.897543826373294,-0.528500502262104
"731",0.631633013486862,0.817956861341372,0.0644465939571147
"732",0.487396505894139,0.759239451959729,-0.150477836079894
"733",0.0755662419833243,0.419134761672467,0.40445105098251
"734",0.00841814978048205,0.724907394731417,0.196573024029278
"735",0.0218296130187809,0.889860555296764,0.467178917169689
"736",0.530771166086197,0.0956137711182237,-1.45056895468592
"737",0.934708135435358,0.636484925169498,-0.816171741208775
"738",0.695940779987723,0.837359318509698,0.614319610017646
"739",0.597905660280958,0.341793440515175,0.2574858923888
"740",0.202597016002983,0.255968758603558,-0.777865372793055
"741",0.412068040808663,0.518506495980546,-0.0796204124885435
"742",0.206706877332181,0.738430706784129,0.710379935859774
"743",0.411063597537577,0.917999633122236,-0.78916077466809
"744",0.491689328337088,0.414403070462868,0.162291309284075
"745",0.748394057620317,0.158288166159764,-0.283295622532913
"746",0.600255979923531,0.682021207176149,0.17883156235371
"747",0.612885798793286,0.941424179123715,0.423443085885955
"748",0.533716524485499,0.877069742418826,-0.275563304392446
"749",0.390636757016182,0.228027988923714,-0.324572033270886
"750",0.231692851986736,0.323716138489544,-1.00698953224514
"751",0.741643846733496,0.660195304546505,-0.199059813520208
"752",0.23520345846191,0.695467148441821,-0.39497459656642
"753",0.450841559097171,0.288737353170291,0.669637663004714
"754",0.647991344565526,0.356576755642891,0.378262419393294
"755",0.0783419953659177,0.768504112726077,-0.360134017616134
"756",0.86295204074122,0.0762979255523533,0.00304321921042862
"757",0.834514813497663,0.189134382875636,-0.736239593975168
"758",0.715231002541259,0.626690200064331,-0.40542068019148
"759",0.411581852706149,0.343102466780692,0.0394929783037452
"760",0.962904725922272,0.0284765246324241,0.789200899311917
"761",0.558511715149507,0.700750614050776,0.220495532277972
"762",0.41912420024164,0.926243650726974,0.0519854024661472
"763",0.410676670959219,0.478106507100165,-0.23526234256405
"764",0.677148832939565,0.503775587305427,-0.524446585381846
"765",0.720163480611518,0.359039723174646,0.554925435152831
"766",0.0230771494098008,0.618166101397946,0.228161868132965
"767",0.834060924593359,0.314503338420764,0.224825490160479
"768",0.717039571842179,0.0621611021924764,-1.25664712952723
"769",0.51883765636012,0.467444203328341,0.748054502902012
"770",0.421567663550377,0.618322586175054,-0.363952367117185
"771",0.339900678722188,0.871170091908425,-0.315679412855906
"772",0.272220695624128,0.588435397483408,0.255831737287343
"773",0.338877370813861,0.813901286805049,0.331902464335366
"774",0.694808876374736,0.669189383042976,0.113788246698361
"775",0.70248277601786,0.288199057104066,0.262284169559401
"776",0.023118220968172,0.450469299918041,0.979360861890471
"777",0.505344065837562,0.865936220157892,-0.697261286388245
"778",0.0525124960113317,0.566751207457855,0.214374233042665
"779",0.313442051876336,0.165799903683364,-0.351022901584196
"780",0.159912128234282,0.212829001247883,1.17967758337975
"781",0.175192301627249,0.95050919870846,1.34209544302406
"782",0.405008899513632,0.59102109959349,-0.191097199054352
"783",0.633335853926837,0.631711265072227,-0.258947418051117
"784",0.695813286583871,0.742344178026542,0.240601521547513
"785",0.68443799065426,0.0329775747377425,-1.63024771048393
"786",0.528904789593071,0.457791156601161,0.436894075922395
"787",0.636698439484462,0.757347991457209,0.139309599665364
"788",0.84340826398693,0.0804277544375509,0.128949645235107
"789",0.31809851154685,0.88878425443545,-0.303462303791792
"790",0.964606751454994,0.398157089482993,-1.12380910698634
"791",0.865202232031152,0.0933173219673336,0.60640449603864
"792",0.552638164255768,0.0624901407863945,-1.22747835445528
"793",0.642938323318958,0.611120480112731,-0.580679785849861
"794",0.264374783728272,0.394151504850015,-1.16206031800389
"795",0.490939808310941,0.566925759194419,-0.034347951537149
"796",0.273799591697752,0.817165577318519,0.990504445436503
"797",0.586105251451954,0.172363509424031,0.434920504840641
"798",0.924404620658606,0.28610148653388,-0.338825171594761
"799",0.328439267119393,0.193402837729082,-0.788634101841529
"800",0.385732419323176,0.294802014483139,-0.339601609673376
"801",0.955343173118308,0.70140337664634,-1.26394560930305
"802",0.0311941774562001,0.922453753184527,-0.430364422206728
"803",0.331145696807653,0.171123966109008,-1.31942074436169
"804",0.802343735238537,0.171521050389856,0.534476727609593
"805",0.134471216704696,0.428177286637947,0.856300929189387
"806",0.238742185756564,0.737876754952595,0.507175487720378
"807",0.23348723561503,0.240947159472853,-0.770301907149386
"808",0.638059374177828,0.723559620557353,0.380052582086639
"809",0.162983206799254,0.040438090916723,-0.635603313885162
"810",0.0180818934459239,0.460989009356126,1.17669766946874
"811",0.147585084894672,0.433616446331143,0.213996062609916
"812",0.450130829820409,0.223655411042273,-0.34773468213703
"813",0.340101985726506,0.388982046628371,-0.826675334651509
"814",0.554781235055998,0.138989056926221,-0.516843585043796
"815",0.361472142627463,0.20855350419879,-0.633200026157255
"816",0.0768111576326191,0.669066324131563,-0.717435219069883
"817",0.44702601316385,0.482796953525394,-0.305562618585257
"818",0.449657504446805,0.466575597645715,-0.62654603714689
"819",0.167884671362117,0.108801826834679,-0.331021092860537
"820",0.689118508249521,0.212705092737451,0.349162685254802
"821",0.308375166496262,0.18061187909916,-0.882480419217567
"822",0.829767282819375,0.613049264531583,-0.858187732909035
"823",0.625434082467109,0.470075878081843,-0.337848741729511
"824",0.606707194587216,0.160792637150735,0.900272267685502
"825",0.981188050704077,0.212277532322332,0.787026981699672
"826",0.484002308687195,0.7512463608291,-0.830722117355245
"827",0.610966100823134,0.433302754769102,0.0347777843461435
"828",0.340580265037715,0.828430857043713,0.131531116361656
"829",0.394998203264549,0.529505773913115,-0.143076190040196
"830",0.102282770676538,0.998450179817155,0.13856918875231
"831",0.595784599194303,0.704691642895341,-0.37912836220699
"832",0.681915888097137,0.236070703715086,0.792855561941208
"833",0.4159399648197,0.970396861433983,0.376532480601291
"834",0.819160773884505,0.812303164741024,0.0879062851555605
"835",0.744692069478333,0.439093622146174,-0.562666428239062
"836",0.940124564338475,0.660818404285237,-0.620384934488016
"837",0.556345605757087,0.936803895048797,-0.0490583911604071
"838",0.201704673469067,0.481893470743671,-1.13599364483686
"839",0.839269989635795,0.494207311887294,-1.13421194716994
"840",0.89680700446479,0.380492456955835,-0.14041322192153
"841",0.24830030836165,0.0516172805801034,-0.941731451250425
"842",0.595647639594972,0.679683200083673,-0.101534179342422
"843",0.0273687583394349,0.560793283395469,0.28018166117816
"844",0.696785555919632,0.258666189620271,0.529156592899155
"845",0.243439843645319,0.668366380501539,-0.31776832092204
"846",0.650239827809855,0.0172087615355849,-1.55451290393897
"847",0.869387010810897,0.0406438829377294,0.321943094680023
"848",0.817440895596519,0.202630253974348,0.726567066371027
"849",0.916984377428889,0.801775029394776,-0.710719850497515
"850",0.304713484365493,0.501671717502177,-0.50014002478942
"851",0.0304315467365086,0.272609284380451,0.284094244269159
"852",0.716559905325994,0.0222344095818698,-1.13180532104466
"853",0.97104119299911,0.894555108156055,-0.383548681886085
"854",0.174876024248078,0.0380895864218473,-0.53377968648036
"855",0.129395343596116,0.323349168756977,-0.0753368127565528
"856",0.756549962796271,0.985003537265584,1.269769328332
"857",0.356262476416305,0.670557800447568,0.0374721178932501
"858",0.872570422012359,0.324161698110402,0.105600923307516
"859",0.629385292995721,0.013446991564706,-1.27468454411584
"860",0.119449944933876,0.856344072846696,0.641140849099901
"861",0.106007724069059,0.0761743201874197,-0.0330820136486941
"862",0.321889485698193,0.161285641603172,-0.819965211924004
"863",0.628146620234475,0.682829487370327,0.115498551978346
"864",0.376773244235665,0.244916381314397,0.0394255218044206
"865",0.895989711629227,0.921037783380598,-0.481556625216327
"866",0.280729107558727,0.909113606438041,0.501379759493795
"867",0.327183052664623,0.661563330795616,-0.557611189590853
"868",0.574952085502446,0.1695852575358,0.34844569777279
"869",0.441667839419097,0.392692806664854,0.494140403316152
"870",0.253854242619127,0.332719090394676,-1.31493465886795
"871",0.367981483461335,0.199065307853743,-0.0680324724932014
"872",0.687070158543065,0.968541209818795,0.987163611343466
"873",0.547354727517813,0.246092584682629,-0.0601021079696637
"874",0.103820442920551,0.723038627998903,0.12564745096041
"875",0.60988859529607,0.787330949911848,0.0701297609417439
"876",0.691514804959297,0.241770452121273,0.269507826648931
"877",0.831683851545677,0.242806259077042,0.409360533324369
"878",0.282688283594325,0.516761631704867,-0.524737080019021
"879",0.628851070301607,0.191178682027385,0.395293166734629
"880",0.322369985282421,0.0323023479431868,-0.776141812568635
"881",0.404412047471851,0.46252926858142,-0.617106775169707
"882",0.43502173316665,0.696144797373563,0.277686351442376
"883",0.451095307245851,0.29841221566312,0.646262178373859
"884",0.263170295627788,0.60110169975087,0.400817783034462
"885",0.460186132928357,0.771847488358617,-0.849701566701256
"886",0.332805693848059,0.219417918473482,-0.416314366281461
"887",0.808841307880357,0.386635691160336,-0.0935643918555954
"888",0.0951888337731361,0.42279179347679,0.837869193129287
"889",0.213623653864488,0.706684464355931,0.627531195077048
"890",0.475086048711091,0.319644825765863,1.17527286442275
"891",0.501924767158926,0.746473484439775,-0.0500172742696482
"892",0.43852634401992,0.552819975651801,-0.606043308406807
"893",0.870158839039505,0.990671807900071,0.469114956250997
"894",0.322762947762385,0.406276060501114,-1.3141984823762
"895",0.26862768526189,0.67248282302171,0.428235580154922
"896",0.928473406936973,0.925472805742174,-0.182289717127912
"897",0.430321423104033,0.599879780085757,-0.330613061249031
"898",0.959723463049158,0.352881548693404,-1.09823239585107
"899",0.609162509208545,0.624368036398664,0.181169183592683
"900",0.750358323566616,0.0452362333890051,-0.229732045189258
"901",0.755972855491564,0.289655641652644,0.963712858743077
"902",0.465125068789348,0.16717220726423,-1.10055174327831
"903",0.78517837706022,0.574543056776747,-0.929824331193679
"904",0.884877094998956,0.764404849382117,-0.289579165616765
"905",0.234847634797916,0.400523982243612,-0.883084096656872
"906",0.583097743336111,0.67603133013472,-0.328103398118071
"907",0.174861507024616,0.611788418143988,-0.902720214434996
"908",0.0280014523304999,0.82373742829077,0.111969139766747
"909",0.539416486397386,0.200359798967838,0.0444275792026771
"910",0.366596344858408,0.900523260468617,-0.719092299563017
"911",0.0572560108266771,0.242384812328964,1.10880229141256
"912",0.223303768318146,0.645475042285398,0.184548046805677
"913",0.237484899582341,0.883567201904953,0.422352509757412
"914",0.320644015679136,0.983993558911607,0.941970308051302
"915",0.0120231641922146,0.101211474277079,1.06565539431063
"916",0.782526594819501,0.487059951527044,-1.3435875984765
"917",0.86336856149137,0.297635570866987,1.02980184406769
"918",0.752459652721882,0.569901344133541,-1.12445909562709
"919",0.523048135917634,0.795156759209931,-1.15010991501134
"920",0.904564827913418,0.753288557985798,-1.29333031488825
"921",0.495356967439875,0.0274442012887448,-0.598885971837728
"922",0.323603658936918,0.921921144006774,0.196593114293748
"923",0.593845611205325,0.0652959030121565,-1.51452455767027
"924",0.489381706342101,0.802637688582763,-0.729075053770496
"925",0.899826017441228,0.92289752070792,-0.331365807740977
"926",0.75408723950386,0.0898043492343277,-1.22627635751854
"927",0.222977597266436,0.100309594534338,-0.751558436474174
"928",0.645494396332651,0.839022627333179,0.365428700995038
"929",0.518012624233961,0.000632334500551224,0.0760460918429633
"930",0.784412535838783,0.304523073835298,0.90104890187449
"931",0.388692690758035,0.268483328167349,0.404110018867771
"932",0.534601329592988,0.0137084082234651,-0.834436666262933
"933",0.976954775629565,0.807989629451185,-0.847014146376076
"934",0.137189418775961,0.742692566942424,-0.125032154735315
"935",0.575114964740351,0.58323714020662,0.14000751825086
"936",0.285167599795386,0.459605031879619,-0.719116365888575
"937",0.308317947201431,0.532890524715185,-0.102841595354524
"938",0.695186038501561,0.146808944409713,-1.18936934881299
"939",0.799948482308537,0.0495206881314516,-0.0666017466935522
"940",0.509070938453078,0.147593583213165,-1.02328178868878
"941",0.932854189770296,0.74754789005965,-0.465257975413475
"942",0.0777312538120896,0.752965460997075,-0.272560147935163
"943",0.909249109914526,0.929583372315392,0.130345779141295
"944",0.660350595833734,0.372355542611331,0.00167578643978358
"945",0.230035646352917,0.526542975334451,-0.368466414645333
"946",0.661447953665629,0.78381858416833,0.0464562896487207
"947",0.217504245229065,0.00320386397652328,-0.751667771463645
"948",0.71619224967435,0.438594384351745,-0.913170047479742
"949",0.0639661375898868,0.923414685530588,0.512456419916077
"950",0.584794652881101,0.190274589229375,0.90503069059124
"951",0.79295918950811,0.970462528988719,0.461563995457733
"952",0.0186186097562313,0.633756989147514,-0.0166683856242457
"953",0.000636004144325852,0.684476315509528,-0.249289259318273
"954",0.351505608297884,0.00968535477295518,0.0445422062012435
"955",0.116933296434581,0.971987667027861,0.979377358630388
"956",0.486286130500957,0.561135437339544,-0.369411969121945
"957",0.947215740568936,0.405957230133936,-0.329212538500777
"958",0.921426606131718,0.192973679397255,0.964749002447073
"959",0.644413478905335,0.432702032150701,0.0505196922825431
"960",0.658174139913172,0.638408844359219,-0.243302081917065
"961",0.0619693896733224,0.0917168036103249,0.38682018580887
"962",0.415437214775011,0.475217188475654,0.199921433954881
"963",0.0193485342897475,0.025648248847574,0.611563349863397
"964",0.440914302598685,0.815128379268572,-0.497814442806179
"965",0.167134044924751,0.926562879933044,0.831235336466498
"966",0.576952776638791,0.845201679039747,-0.0884814839508665
"967",0.00784393306821585,0.779928616248071,-0.0700848061832321
"968",0.26713652908802,0.185495142126456,-0.371913683331078
"969",0.893642551964149,0.287725541973487,0.64217992782305
"970",0.143104486400262,0.836738704470918,0.393430561545876
"971",0.997469584224746,0.29751349426806,-0.58650180111769
"972",0.399154373910278,0.0720211477018893,-0.334914650247869
"973",0.296098622260615,0.711629073135555,0.00743426564888005
"974",0.840132565004751,0.880873168818653,0.264190353268479
"975",0.909332530805841,0.944473277544603,-0.430294443281798
"976",0.94364272733219,0.897103517083451,-0.452747357004918
"977",0.474224095232785,0.875862679444253,-0.665269924168337
"978",0.113238153746352,0.262617722852156,-0.332397657953676
"979",0.452761503634974,0.877059201011434,-0.296704904250963
"980",0.701805516844615,0.83444210444577,0.620732554198276
"981",0.515112505527213,0.264843995915726,0.926164693380135
"982",0.593482738593593,0.176578313810751,0.162059755092379
"983",0.558287074789405,0.623381988145411,-0.0619274756326795
"984",0.80532723874785,0.936310886638239,-0.0306247425351414
"985",0.895958403591067,0.79202329996042,-0.467853093285062
"986",0.394063624087721,0.0560234156437218,-0.670683244765526
"987",0.20598184177652,0.39531027013436,-0.458304008917277
"988",0.7740937480703,0.26847363775596,0.896781120869644
"989",0.374164965003729,0.464815132785589,-1.56114383136487
"990",0.147600895259529,0.322593503631651,-0.504763815709384
"991",0.664928645594046,0.586104230489582,-0.979148210646047
"992",0.933283995138481,0.453280818415806,-0.788826627692587
"993",0.97386225243099,0.582095433725044,-0.872814150124922
"994",0.995082984212786,0.767933768918738,-1.16554507505412
"995",0.975034845294431,0.456767044728622,-1.178526795312
"996",0.637926412979141,0.737831345526502,-0.0205921867931727
"997",0.20722067495808,0.0508614785503596,-0.739863172817904
"998",0.295009705936536,0.579477112274617,-0.160448860924403
"999",0.177473335526884,0.151917318813503,-0.485493839848212
"1000",0.388176075415686,0.694233796326444,-0.92626315481987
